{"mean_1_f": 0.32923907949051573, "mean_1_p": 0.38433402058282967, "mean_1_r": 0.29985257452571806, "mean_2_f": 0.22831131712527306, "mean_2_p": 0.26854083551796054, "mean_2_r": 0.20730202983432752, "mean_l_f": 0.3174366025426199, "mean_l_p": 0.36873758698331854, "mean_l_r": 0.2895230027597979}